book_id,title,author,genres,rating,ratings_count,publication_year,image_url,description
101,The Metamorphosis,Franz Kafka,"Classic, Absurdist Fiction, Literature, Novella, Philosophy",3.84,920000,1915,https://images.unsplash.com/photo-1544716278-ca5e3f4abd8c?w=500&auto=format&fit=crop&q=60,"One morning, Gregor Samsa wakes from troubled dreams to find himself transformed in his bed into a monstrous insect-like creature, forcing his family to confront their isolation, alienation, and grotesque absurdity."
102,The Trial,Franz Kafka,"Classic, Absurdist Fiction, Literature, Dystopian, Philosophy",3.96,410000,1925,https://images.unsplash.com/photo-1509198397868-475647b2a1e5?w=500&auto=format&fit=crop&q=60,"Josef K., a respectable bank officer, is suddenly arrested and prosecuted by an inaccessible and bizarre judicial authority, with the nature of his crime never revealed to him in an impenetrable bureaucratic nightmare."
103,The Castle,Franz Kafka,"Classic, Absurdist Fiction, Literature, Psychological, Philosophy",3.91,180000,1926,https://images.unsplash.com/photo-1518770660439-4636190af475?w=500&auto=format&fit=crop&q=60,"A land surveyor known only as K. arrives in a snowbound village governed by an enigmatic, inaccessible bureaucracy headquartered in a castle overlooking the town."
104,Letters to Milena,Franz Kafka,"Memoir, Letters, Non-Fiction, Romance, Philosophy",4.24,89000,1952,https://images.unsplash.com/photo-1457369804613-52c61a468e7d?w=500&auto=format&fit=crop&q=60,"Kafka's passionate, desperate, and agonizing love letters to Milena Jesenska, revealing his deepest psychological vulnerabilities, intellectual brilliance, and haunting self-doubts."
105,In the Penal Colony,Franz Kafka,"Classic, Absurdist Fiction, Horror, Novella, Philosophy",3.97,95000,1919,https://images.unsplash.com/photo-1507668077129-56e32842fceb?w=500&auto=format&fit=crop&q=60,"An explorer witnesses the gruesome ritual execution apparatus on an island penal colony, examining justice, cruelty, obsolete tradition, and institutional dogmatism."
18,1984,George Orwell,"Dystopian, Classic, Political Fiction, Literature",4.19,4200000,1949,https://images.unsplash.com/photo-1543002588-bfa74002ed7e?w=500&auto=format&fit=crop&q=60,"Winston Smith lives in a totalitarian society monitored by the all-seeing Big Brother, where independent thought is outlawed and the Ministry of Truth rewrites history."
19,Animal Farm,George Orwell,"Classic, Satire, Political Fiction, Literature",3.98,3100000,1945,https://images.unsplash.com/photo-1516979187457-637abb4f9353?w=500&auto=format&fit=crop&q=60,"A timeless allegorical novella detailing the revolution of farm animals against their human master, only to see power corrupt their new leader pig Napoleon."
106,Homage to Catalonia,George Orwell,"Non-Fiction, History, Memoir, War, Political",4.16,140000,1938,https://images.unsplash.com/photo-1506744038136-46273834b3fb?w=500&auto=format&fit=crop&q=60,"Orwell's firsthand account of fighting alongside socialist and anti-fascist militia in the Spanish Civil War, experiencing revolution, trench warfare, and betrayal."
107,Down and Out in Paris and London,George Orwell,"Memoir, Non-Fiction, Biography, Social Commentary, Classic",4.09,180000,1933,https://images.unsplash.com/photo-1481627834876-b7833e8f5570?w=500&auto=format&fit=crop&q=60,"A visceral memoir documenting extreme poverty, survival in squalid hotel kitchens in Paris, and life among tramps on the roads of London."
108,Burmese Days,George Orwell,"Classic, Historical Fiction, Political Fiction, Literature",3.86,85000,1934,https://images.unsplash.com/photo-1512820790803-83ca734da794?w=500&auto=format&fit=crop&q=60,"Based on Orwell's years in the Indian Imperial Police in Burma, exposing the corruption, racism, and disillusionment at the tail end of the British Empire."
50,Crime and Punishment,Fyodor Dostoevsky,"Classic, Philosophical Fiction, Literature, Psychological",4.26,820000,1866,https://images.unsplash.com/photo-1481627834876-b7833e8f5570?w=500&auto=format&fit=crop&q=60,"Impoverished former student Raskolnikov commits a calculated murder in Saint Petersburg, followed by a relentless mental ordeal of guilt, fevered paranoia, and spiritual redemption."
51,The Brothers Karamazov,Fyodor Dostoevsky,"Classic, Philosophical Fiction, Literature, Family Drama",4.38,310000,1880,https://images.unsplash.com/photo-1457369804613-52c61a468e7d?w=500&auto=format&fit=crop&q=60,"A passionate philosophical novel that enters into ethical debates of God, free will, and morality through the turbulent lives of three brothers and the murder of their father."
109,Notes from Underground,Fyodor Dostoevsky,"Classic, Philosophical Fiction, Existentialism, Literature, Psychological",4.14,380000,1864,https://images.unsplash.com/photo-1507668077129-56e32842fceb?w=500&auto=format&fit=crop&q=60,"The cynical diary of an alienated, bitter former civil servant living in Saint Petersburg, offering a devastating critique of rational utopianism, determinism, and human spite."
110,The Idiot,Fyodor Dostoevsky,"Classic, Philosophical Fiction, Literature, Psychological Drama",4.2,210000,1869,https://images.unsplash.com/photo-1516979187457-637abb4f9353?w=500&auto=format&fit=crop&q=60,"Prince Myshkin, a gentle, saintly, and guileless epileptic nobleman, returns to Russian society only to have his pure goodness clash tragically with corruption, jealousy, and greed."
111,Demons (The Possessed),Fyodor Dostoevsky,"Classic, Philosophical Fiction, Political Drama, Literature",4.24,120000,1872,https://images.unsplash.com/photo-1509198397868-475647b2a1e5?w=500&auto=format&fit=crop&q=60,"A terrifying prophetic examination of radical revolutionary nihilism in a provincial Russian town, plotting conspiracy, murder, and moral decay."
112,White Nights,Fyodor Dostoevsky,"Classic, Romance, Literature, Novella, Psychological",4.15,260000,1848,https://images.unsplash.com/photo-1518709268805-4e9042af9f23?w=500&auto=format&fit=crop&q=60,"A lonely, dreamy narrator wanders the luminous summer twilight of Saint Petersburg and falls in unrequited love with a distressed young woman across four magical nights."
57,Clean Code: A Handbook of Agile Software Craftsmanship,Robert C. Martin,"Computer Science, Software Engineering, Programming, Tech",4.4,72000,2008,https://images.unsplash.com/photo-1555066931-4365d14bab8c?w=500&auto=format&fit=crop&q=60,"Even bad code can function. But if code isn't clean, it can bring a development organization to its knees. Uncle Bob presents a revolutionary paradigm on how to write readable, maintainable, and robust code."
58,The Clean Coder: A Code of Conduct for Professional Programmers,Robert C. Martin,"Computer Science, Software Engineering, Career, Tech",4.31,31000,2011,https://images.unsplash.com/photo-1517694712202-14dd9538aa97?w=500&auto=format&fit=crop&q=60,"Practical advice about the discipline, standards, ethics, and practices of true software craftsmanship, from time management to estimates, coding, refactoring, and testing."
59,The Pragmatic Programmer: Your Journey to Mastery,"David Thomas, Andrew Hunt","Computer Science, Software Engineering, Programming, Tech",4.54,89000,1999,https://images.unsplash.com/photo-1526374965328-7f61d4dc18c5?w=500&auto=format&fit=crop&q=60,One of the most significant books in modern software engineering. Cuts through the increasing specialization and technicalities to examine the core process of crafting flexible and working software.
60,Design Patterns: Elements of Reusable Object-Oriented Software,"Erich Gamma, Richard Helm, Ralph Johnson, John Vlissides","Computer Science, Software Architecture, Programming, Tech",4.22,48000,1994,https://images.unsplash.com/photo-1555066931-4365d14bab8c?w=500&auto=format&fit=crop&q=60,"Captures 23 classic software design patterns that solve recurring problems in object-oriented design, defining terminology and blueprints used across the computing industry."
61,Designing Data-Intensive Applications,Martin Kleppmann,"Computer Science, Distributed Systems, Database, Tech, Architecture",4.73,54000,2017,https://images.unsplash.com/photo-1544383835-bda2bc66a55d?w=500&auto=format&fit=crop&q=60,"An exhaustive, indispensable deep-dive into the principles and tradeoffs of data systems, databases, distributed transactions, consensus algorithms, streaming, and batch processing."
62,Introduction to Algorithms (CLRS),"Thomas H. Cormen, Charles E. Leiserson, Ronald L. Rivest, Clifford Stein","Computer Science, Algorithms, Mathematics, Academia, Tech",4.35,67000,1990,https://images.unsplash.com/photo-1509228468518-180dd4864904?w=500&auto=format&fit=crop&q=60,"The definitive comprehensive guide and textbook covering algorithms, data structures, graph theory, dynamic programming, and computational complexity."
63,Grokking Algorithms: An Illustrated Guide,Aditya Bhargava,"Computer Science, Algorithms, Programming, Education, Tech",4.59,42000,2016,https://images.unsplash.com/photo-1516321318423-f06f85e504b3?w=500&auto=format&fit=crop&q=60,"A fully illustrated, friendly guide that teaches you how to apply common algorithms to practical problems like search, sorting, graphs, and dynamic programming."
64,Refactoring: Improving the Design of Existing Code,Martin Fowler,"Computer Science, Software Engineering, Programming, Tech",4.31,39000,1999,https://images.unsplash.com/photo-1555066931-4365d14bab8c?w=500&auto=format&fit=crop&q=60,"Explains the principles of refactoring software, identifying code smells, and step-by-step techniques to improve internal code structure without changing observable behavior."
65,Code Complete: A Practical Handbook of Software Construction,Steve McConnell,"Computer Science, Software Engineering, Programming, Tech",4.3,35000,1993,https://images.unsplash.com/photo-1517694712202-14dd9538aa97?w=500&auto=format&fit=crop&q=60,"Synthesizes effective software engineering practices into clear, pragmatic guidance for creating high-quality code, defensive programming, and architecture."
66,Structure and Interpretation of Computer Programs (SICP),"Harold Abelson, Gerald Jay Sussman","Computer Science, Programming, Lisp, Academia, Tech",4.49,18000,1984,https://images.unsplash.com/photo-1526374965328-7f61d4dc18c5?w=500&auto=format&fit=crop&q=60,"The legendary MIT introductory computer science text teaching the deep conceptual foundations of computation, abstraction, interpreters, and metalinguistic abstraction using Scheme/Lisp."
67,You Don't Know JS: Scope & Closures,Kyle Simpson,"Computer Science, JavaScript, Web Development, Programming, Tech",4.46,21000,2014,https://images.unsplash.com/photo-1516321318423-f06f85e504b3?w=500&auto=format&fit=crop&q=60,"An in-depth look at JavaScript's lexical scope, lexical this, function scopes, block scopes, and closures, uncovering the exact runtime mechanics of the language."
68,"Hands-On Machine Learning with Scikit-Learn, Keras, and TensorFlow",Aurelien Geron,"Machine Learning, Artificial Intelligence, Python, Data Science, Tech",4.67,31000,2019,https://images.unsplash.com/photo-1555066931-4365d14bab8c?w=500&auto=format&fit=crop&q=60,"Through concrete examples, minimal theory, and production-ready Python frameworks, this book shows you how to build intelligent systems using linear models, random forests, and deep neural networks."
69,Deep Learning,"Ian Goodfellow, Yoshua Bengio, Aaron Courville","Machine Learning, Deep Learning, Artificial Intelligence, Academia, Tech",4.39,14000,2016,https://images.unsplash.com/photo-1509228468518-180dd4864904?w=500&auto=format&fit=crop&q=60,"The definitive textbook on deep learning, introducing mathematical concepts in linear algebra and probability before covering modern feedforward nets, convolutional networks, and generative models."
113,Code: The Hidden Language of Computer Hardware and Software,Charles Petzold,"Computer Science, Hardware, History of Computing, Electronics, Tech",4.68,45000,1999,https://images.unsplash.com/photo-1518770660439-4636190af475?w=500&auto=format&fit=crop&q=60,"A brilliant, poetic, and accessible journey through flashlights, telegraphs, logic gates, binary relays, and microprocessors to show how humans created modern computers from simple mechanisms."
114,Computer Systems: A Programmer's Perspective (CS:APP),"Randal E. Bryant, David R. O'Hallaron","Computer Science, Systems Programming, Assembly, Memory Architecture, Tech",4.7,28000,2003,https://images.unsplash.com/photo-1555066931-4365d14bab8c?w=500&auto=format&fit=crop&q=60,"Explains the underlying hardware, machine-level representations, compiler optimizations, processor architectures, memory hierarchies, virtual memory, and system-level I/O from a programmer's viewpoint."
115,Operating Systems: Three Easy Pieces (OSTEP),"Remzi H. Arpaci-Dusseau, Andrea C. Arpaci-Dusseau","Computer Science, Operating Systems, Concurrency, Virtualization, Tech",4.72,19000,2018,https://images.unsplash.com/photo-1526374965328-7f61d4dc18c5?w=500&auto=format&fit=crop&q=60,"An engaging and rigorous textbook dissecting the fundamental pillars of operating systems: virtualization (CPU and memory), concurrency (threads and locks), and persistence (file systems and RAID)."
116,System Design Interview – An Insider's Guide,Alex Xu,"Computer Science, System Design, Distributed Systems, Software Engineering, Tech",4.62,36000,2020,https://images.unsplash.com/photo-1544383835-bda2bc66a55d?w=500&auto=format&fit=crop&q=60,"A visual and practical roadmap with real-world architectural blueprints for scaling systems: rate limiters, key-value stores, distributed message queues, chat systems, search indexers, and YouTube-scale CDNs."
117,Database Internals: A Deep Dive into Distributed Systems,Alex Petrov,"Computer Science, Database, Distributed Systems, Storage Engines, Tech",4.65,12000,2019,https://images.unsplash.com/photo-1509228468518-180dd4864904?w=500&auto=format&fit=crop&q=60,"Examines the low-level engine mechanics of modern relational and NoSQL storage systems: B-trees, LSM-trees, write-ahead logs, Raft consensus, two-phase commit, and distributed coordination."
118,Artificial Intelligence: A Modern Approach (AIMA),"Stuart Russell, Peter Norvig","Computer Science, Artificial Intelligence, Machine Learning, Robotics, Tech",4.52,52000,1995,https://images.unsplash.com/photo-1516321318423-f06f85e504b3?w=500&auto=format&fit=crop&q=60,"The world's leading universal textbook on artificial intelligence, introducing rational agents, heuristic search, constraint satisfaction, probabilistic reasoning, reinforcement learning, and neural nets."
119,"Fluent Python: Clear, Concise, and Effective Programming",Luciano Ramalho,"Computer Science, Python, Programming, Software Engineering, Tech",4.74,29000,2015,https://images.unsplash.com/photo-1517694712202-14dd9538aa97?w=500&auto=format&fit=crop&q=60,"Takes you on a journey through Python's unique data model, dunder methods, generators, coroutines with asyncio, meta-programming, and modern type hints to write truly Pythonic code."
120,The Rust Programming Language,"Steve Klabnik, Carol Nichols","Computer Science, Rust, Systems Programming, Memory Safety, Tech",4.78,21000,2018,https://images.unsplash.com/photo-1555066931-4365d14bab8c?w=500&auto=format&fit=crop&q=60,"The official guide to Rust, teaching ownership, borrowing, lifetimes, fearless concurrency, smart pointers, cargo packaging, and zero-cost abstractions."
121,The Mythical Man-Month: Essays on Software Engineering,Frederick P. Brooks Jr.,"Computer Science, Project Management, Software Engineering, Classic, Tech",4.15,68000,1975,https://images.unsplash.com/photo-1526374965328-7f61d4dc18c5?w=500&auto=format&fit=crop&q=60,"Few books on software project management have been as influential. Brooks shares timeless wisdom on team communication, the 'second-system effect', and why adding manpower to a late software project makes it later."
122,"Compilers: Principles, Techniques, and Tools (The Dragon Book)","Alfred V. Aho, Monica S. Lam, Ravi Sethi, Jeffrey D. Ullman","Computer Science, Compilers, Parsing, Programming Languages, Tech",4.29,24000,1986,https://images.unsplash.com/photo-1509228468518-180dd4864904?w=500&auto=format&fit=crop&q=60,"The landmark classic on compiler design, lexing, parsing, syntax-directed translation, intermediate code generation, and instruction optimization."
1,Dune,Frank Herbert,"Science Fiction, Space Opera, Classic Sci-Fi, Fantasy",4.26,1250000,1965,https://images.unsplash.com/photo-1544716278-ca5e3f4abd8c?w=500&auto=format&fit=crop&q=60,"Set on the desert planet Arrakis, Dune is the story of the boy Paul Atreides, heir to a noble family tasked with ruling an inhospitable world where the only thing of value is the spice melange, a drug capable of extending life and enhancing consciousness."
2,Dune Messiah,Frank Herbert,"Science Fiction, Space Opera, Philosophical, Classic Sci-Fi",3.92,310000,1969,https://images.unsplash.com/photo-1518709268805-4e9042af9f23?w=500&auto=format&fit=crop&q=60,"Twelve years after the events of Dune, Paul Atreides has become Emperor of the known universe, but a deadly conspiracy threatens his reign, religion, and the fate of humanity."
3,Foundation,Isaac Asimov,"Science Fiction, Space Opera, Classic Sci-Fi, Hard Sci-Fi",4.18,480000,1951,https://images.unsplash.com/photo-1451187580459-43490279c0fa?w=500&auto=format&fit=crop&q=60,"The story of Hari Seldon and his psychohistory, a mathematical science capable of predicting the behavior of mass populations, and his Foundation established to preserve human knowledge during the Galactic Empire's collapse."
4,Foundation and Empire,Isaac Asimov,"Science Fiction, Space Opera, Classic Sci-Fi, Hard Sci-Fi",4.23,210000,1952,https://images.unsplash.com/photo-1506703719100-a0f3a48c0f86?w=500&auto=format&fit=crop&q=60,"The Foundation battles the remnants of the Galactic Empire, only to face an unexpected threat: the mysterious mutant warlord known as the Mule."
5,Hyperion,Dan Simmons,"Science Fiction, Space Opera, Cyberpunk, Epic Sci-Fi",4.24,220000,1989,https://images.unsplash.com/photo-1518770660439-4636190af475?w=500&auto=format&fit=crop&q=60,"On the world called Hyperion, beyond the reach of galactic law, seven pilgrims share their interwoven tales as they journey to the mysterious Time Tombs guarded by the lethal creature called the Shrike."
6,Neuromancer,William Gibson,"Science Fiction, Cyberpunk, Dystopian, Sci-Fi",3.9,340000,1984,https://images.unsplash.com/photo-1526374965328-7f61d4dc18c5?w=500&auto=format&fit=crop&q=60,Case was the sharpest data-thief in the matrix until an ex-employer crippled his nervous system. Now a mysterious employer recruits him for a high-stakes hack against an unthinkably powerful artificial intelligence.
7,Snow Crash,Neal Stephenson,"Science Fiction, Cyberpunk, Dystopian, Satire",4.03,290000,1992,https://images.unsplash.com/photo-1508739773434-c26b3d09e071?w=500&auto=format&fit=crop&q=60,"In reality, Hiro Protagonist delivers pizza for Uncle Enzo's CosoNostra Pizza. In the Metaverse, he is a warrior prince racing to stop a computer virus capable of infecting the human brain."
8,The Martian,Andy Weir,"Science Fiction, Hard Sci-Fi, Survival, Adventure",4.41,980000,2011,https://images.unsplash.com/photo-1614728894747-a83421e2b9c9?w=500&auto=format&fit=crop&q=60,"Six days ago, astronaut Mark Watney became one of the first people to walk on Mars. Now, he's sure he'll be the first person to die there after a dust storm separates him from his crew."
9,Project Hail Mary,Andy Weir,"Science Fiction, Hard Sci-Fi, Space Exploration, Adventure",4.52,450000,2021,https://images.unsplash.com/photo-1446776811953-b23d57bd21aa?w=500&auto=format&fit=crop&q=60,"Ryland Grace is the sole survivor on a desperate, last-chance mission—and if he fails, humanity and the earth itself will perish. Except right now, he doesn't even remember his own name."
10,The Three-Body Problem,Cixin Liu,"Science Fiction, Hard Sci-Fi, Alien Invasion, Physics",4.08,320000,2008,https://images.unsplash.com/photo-1462331940025-496dfbfc7564?w=500&auto=format&fit=crop&q=60,"Set against the backdrop of China's Cultural Revolution, a secret military project sends signals into space to establish contact with aliens, leading to catastrophic consequences for Earth."
11,The Dark Forest,Cixin Liu,"Science Fiction, Hard Sci-Fi, Alien Invasion, Cosmic Horror",4.41,180000,2008,https://images.unsplash.com/photo-1509198397868-475647b2a1e5?w=500&auto=format&fit=crop&q=60,"Humanity reels from the revelation of an incoming alien invasion force, deploying Wallfacers—individuals given immense resources to craft secret defense strategies hidden from alien observation."
12,Ender's Game,Orson Scott Card,"Science Fiction, Military Sci-Fi, Classic Sci-Fi, Young Adult",4.3,1300000,1985,https://images.unsplash.com/photo-1511447333015-45b65e60f6d5?w=500&auto=format&fit=crop&q=60,"In order to develop a secure defense against a hostile alien race's next attack, government agencies breed child prodigies and train them as military commanders in zero-gravity battle simulations."
13,Do Androids Dream of Electric Sheep?,Philip K. Dick,"Science Fiction, Cyberpunk, Dystopian, Philosophy",4.09,460000,1968,https://images.unsplash.com/photo-1485827404703-89b55fcc595e?w=500&auto=format&fit=crop&q=60,"By 2021, the World War has killed millions, driving entire species into extinction. Bounty hunter Rick Deckard stalks rogue Nexus-6 androids through the radioactive ruins of San Francisco."
14,Solaris,Stanislaw Lem,"Science Fiction, Philosophical, Psychological Sci-Fi, Classic Sci-Fi",4.0,120000,1961,https://images.unsplash.com/photo-1507668077129-56e32842fceb?w=500&auto=format&fit=crop&q=60,"Psychologist Kris Kelvin arrives on a space station studying the living plasma ocean of Solaris, discovering that the planet is capable of dredging up humans' deepest suppressed memories and manifesting them physically."
15,The Left Hand of Darkness,Ursula K. Le Guin,"Science Fiction, Classic Sci-Fi, Feminist Sci-Fi, Sociology",4.08,190000,1969,https://images.unsplash.com/photo-1483728642387-6c3bdd6c93e5?w=500&auto=format&fit=crop&q=60,"A human envoy called Genly Ai is sent to Gethen, an icy world whose inhabitants can choose and change their gender, exploring themes of psychology, sociology, politics, and humanity."
16,Fahrenheit 451,Ray Bradbury,"Science Fiction, Dystopian, Classic, Literature",3.99,1980000,1953,https://images.unsplash.com/photo-1497633762265-9d179a990aa6?w=500&auto=format&fit=crop&q=60,"Guy Montag is a fireman whose job is to burn books, which are forbidden by law. But when he meets an eccentric young neighbor, he begins questioning everything he has been taught."
17,Brave New World,Aldous Huxley,"Science Fiction, Dystopian, Classic, Philosophy",3.99,1850000,1932,https://images.unsplash.com/photo-1457369804613-52c61a468e7d?w=500&auto=format&fit=crop&q=60,"A dark vision of a futuristic society governed by consumerism, genetic caste engineering, and psychological conditioning where pain and sorrow are eradicated by the drug soma."
20,The Hobbit,J.R.R. Tolkien,"Fantasy, High Fantasy, Adventure, Classic",4.29,3400000,1937,https://images.unsplash.com/photo-1512820790803-83ca734da794?w=500&auto=format&fit=crop&q=60,"Bilbo Baggins, a comfortable and unambitious hobbit, is swept away on a dangerous quest by the wizard Gandalf and thirteen dwarves to reclaim the Lonely Mountain and its treasure from the dragon Smaug."
21,The Fellowship of the Ring,J.R.R. Tolkien,"Fantasy, High Fantasy, Epic Fantasy, Classic",4.38,2600000,1954,https://images.unsplash.com/photo-1463320726281-696a485928c7?w=500&auto=format&fit=crop&q=60,"Frodo Baggins inherits the One Ring of Power forged by the Dark Lord Sauron. To save Middle-earth from darkness, Frodo and a fellowship of companions must embark on a treacherous journey to destroy it in Mount Doom."
22,The Two Towers,J.R.R. Tolkien,"Fantasy, High Fantasy, Epic Fantasy, Classic",4.46,1800000,1954,https://images.unsplash.com/photo-1514894780887-121968d00567?w=500&auto=format&fit=crop&q=60,"The Fellowship is scattered across Middle-earth. Aragorn, Legolas, and Gimli rally the kingdoms of men against Saruman's armies, while Frodo and Sam guided by Gollum trek toward Mordor."
23,The Return of the King,J.R.R. Tolkien,"Fantasy, High Fantasy, Epic Fantasy, Classic",4.54,1900000,1955,https://images.unsplash.com/photo-1534447677768-be436bb09401?w=500&auto=format&fit=crop&q=60,The climactic war for Middle-earth reaches its peak at the Battle of the Pelennor Fields as Frodo and Sam navigate the horrors of Mordor to cast the Ring into the fire.
24,The Name of the Wind,Patrick Rothfuss,"Fantasy, High Fantasy, Magic, Epic Fantasy",4.51,820000,2007,https://images.unsplash.com/photo-1532012164546-f432f2e3edd3?w=500&auto=format&fit=crop&q=60,"The tale of Kvothe, from his childhood in a troupe of traveling players to his years as a near-feral orphan in a crime-riddled city, to his daring brazen entrance into a legendary school of high magic."
26,The Way of Kings,Brandon Sanderson,"Fantasy, Epic Fantasy, High Fantasy, Magic System",4.66,410000,2010,https://images.unsplash.com/photo-1516541196182-6bdb0516ed27?w=500&auto=format&fit=crop&q=60,"Roshar is a world of stone and storms. Centuries have passed since the fall of the ten consecrated orders known as the Knights Radiant, but their Shardblades and Shardplate remain, coveted weapons in endless war."
27,Words of Radiance,Brandon Sanderson,"Fantasy, Epic Fantasy, High Fantasy, Magic System",4.76,310000,2014,https://images.unsplash.com/photo-1519791883288-dc8bd696e667?w=500&auto=format&fit=crop&q=60,"Kaladin must protect the king while mastering the powers of a Windrunner, Shallan strives to prevent the return of the Voidbringers, and the Parshendi gamble everything on a forbidden magic."
28,Mistborn: The Final Empire,Brandon Sanderson,"Fantasy, High Fantasy, Heist, Magic System",4.47,620000,2006,https://images.unsplash.com/photo-1500485035595-cbe6f645feb1?w=500&auto=format&fit=crop&q=60,"In a world where ash falls from the sky and mist dominates the night, a charismatic thief named Kelsier recruits an orphan named Vin into a crew planning the impossible: overthrowing the immortal Lord Ruler."
30,A Game of Thrones,George R.R. Martin,"Fantasy, Epic Fantasy, Dark Fantasy, Political Drama",4.44,2400000,1996,https://images.unsplash.com/photo-1518709268805-4e9042af9f23?w=500&auto=format&fit=crop&q=60,Summers span decades and winter can last a lifetime. Noble houses clash in a bitter struggle for the Iron Throne of Westeros while an ancient menace stirs in the frozen north.
35,The Girl with the Dragon Tattoo,Stieg Larsson,"Mystery, Thriller, Crime, Scandinavian Noir",4.16,2900000,2005,https://images.unsplash.com/photo-1589829085413-56de8ae18c73?w=500&auto=format&fit=crop&q=60,"Disgraced journalist Mikael Blomkvist and brilliant, rebellious computer hacker Lisbeth Salander investigate the forty-year-old disappearance of Harriet Vanger from a wealthy Swedish dynasty."
37,Gone Girl,Gillian Flynn,"Mystery, Psychological Thriller, Crime, Suspense",4.12,2700000,2012,https://images.unsplash.com/photo-1509198397868-475647b2a1e5?w=500&auto=format&fit=crop&q=60,"On the morning of their fifth wedding anniversary, Amy Dunne suddenly disappears. Under intense police pressure and media frenzy, her husband Nick becomes the primary suspect in a maze of deception."
39,The Silent Patient,Alex Michaelides,"Psychological Thriller, Mystery, Suspense, Crime",4.18,1400000,2019,https://images.unsplash.com/photo-1507668077129-56e32842fceb?w=500&auto=format&fit=crop&q=60,Alicia Berenson's life is seemingly perfect. One evening she shoots her husband five times in the face and never speaks another word. Psychotherapist Theo Faber is determined to unravel her secret.
40,And Then There Were None,Agatha Christie,"Mystery, Classic Mystery, Whodunit, Crime",4.29,1100000,1939,https://images.unsplash.com/photo-1512820790803-83ca734da794?w=500&auto=format&fit=crop&q=60,"Ten strangers are lured to an isolated island mansion off the Devon coast by a mysterious host. One by one, they are marked for death according to a sinister nursery rhyme."
47,To Kill a Mockingbird,Harper Lee,"Classic, Historical Fiction, Literature, Legal Drama",4.26,5200000,1960,https://images.unsplash.com/photo-1544716278-ca5e3f4abd8c?w=500&auto=format&fit=crop&q=60,"Set in the American South during the Depression, young Scout Finch watches her father Atticus defend a Black man falsely accused of raping a white woman, examining racism and morality."
48,The Great Gatsby,F. Scott Fitzgerald,"Classic, Literature, Historical Fiction, Romance",3.93,4800000,1925,https://images.unsplash.com/photo-1457369804613-52c61a468e7d?w=500&auto=format&fit=crop&q=60,"The tragic story of Jay Gatsby, a mysterious millionaire with an obsession for the beautiful Daisy Buchanan, exploring the decadence and disillusionment of the Jazz Age."
49,Pride and Prejudice,Jane Austen,"Classic, Romance, Literature, Historical Fiction",4.28,3900000,1813,https://images.unsplash.com/photo-1516979187457-637abb4f9353?w=500&auto=format&fit=crop&q=60,"Elizabeth Bennet navigates manners, social hierarchy, and matrimony in 19th-century England, clashing with the proud and enigmatic aristocrat Mr. Darcy."
52,One Hundred Years of Solitude,Gabriel Garcia Marquez,"Magical Realism, Classic, Literature, Epic",4.11,920000,1967,https://images.unsplash.com/photo-1512820790803-83ca734da794?w=500&auto=format&fit=crop&q=60,"The multi-generational story of the Buendia family in the mythical Colombian town of Macondo, blending historical reality with wondrous supernatural and magical realism."
53,The Catcher in the Rye,J.D. Salinger,"Classic, Literature, Coming-of-Age, Fiction",3.8,3200000,1951,https://images.unsplash.com/photo-1544716278-ca5e3f4abd8c?w=500&auto=format&fit=crop&q=60,"Holden Caulfield wanders New York City for three days after being expelled from prep school, venting his frustrations about phoniness, alienation, and lost childhood innocence."
54,The Picture of Dorian Gray,Oscar Wilde,"Classic, Gothic, Philosophical, Literature",4.12,1300000,1890,https://images.unsplash.com/photo-1509198397868-475647b2a1e5?w=500&auto=format&fit=crop&q=60,"Enthralled by his own youth and beauty, Dorian Gray sells his soul so that his portrait ages and bears the scars of his sins while he remains outwardly ageless and pure."
55,Frankenstein,Mary Shelley,"Classic, Gothic Horror, Science Fiction, Literature",3.86,1400000,1818,https://images.unsplash.com/photo-1518770660439-4636190af475?w=500&auto=format&fit=crop&q=60,"Victor Frankenstein breathes life into a creature made of scavenged corpse parts, only to be horrified by what he created as the creature seeks vengeance for abandonment."
70,Sapiens: A Brief History of Humankind,Yuval Noah Harari,"Non-Fiction, History, Anthropology, Science, Philosophy",4.37,1600000,2011,https://images.unsplash.com/photo-1457369804613-52c61a468e7d?w=500&auto=format&fit=crop&q=60,"From the cognitive revolution seventy thousand years ago to the genetic engineering revolution today, Harari explores how biology and history have defined what it means to be human."
72,Atomic Habits,James Clear,"Self-Help, Psychology, Productivity, Non-Fiction, Personal Growth",4.39,2100000,2018,https://images.unsplash.com/photo-1544716278-ca5e3f4abd8c?w=500&auto=format&fit=crop&q=60,"A comprehensive framework for improving every day. James Clear reveals how minute changes compound into remarkable results through habit loops, cues, craving, and environmental design."
74,"Thinking, Fast and Slow",Daniel Kahneman,"Psychology, Non-Fiction, Behavioral Economics, Science",4.19,680000,2011,https://images.unsplash.com/photo-1507668077129-56e32842fceb?w=500&auto=format&fit=crop&q=60,"Nobel laureate Daniel Kahneman explains the two systems that drive the way we think: System 1 (fast, intuitive, and emotional) and System 2 (slower, more deliberative, and more logical)."
77,Meditations,Marcus Aurelius,"Philosophy, Stoicism, Classic, Non-Fiction",4.27,420000,180,https://images.unsplash.com/photo-1463320726281-696a485928c7?w=500&auto=format&fit=crop&q=60,"The private journal entries of the Roman Emperor Marcus Aurelius, offering timeless Stoic reflections on duty, mortality, resilience, and inner tranquility."
80,The Psychology of Money,Morgan Housel,"Finance, Psychology, Non-Fiction, Economics, Self-Help",4.41,520000,2020,https://images.unsplash.com/photo-1544383835-bda2bc66a55d?w=500&auto=format&fit=crop&q=60,Doing well with money isn't necessarily about what you know. It's about how you behave. Morgan Housel shares 19 short stories exploring the strange ways people think about money.
83,The Midnight Library,Matt Haig,"Fiction, Fantasy, Contemporary, Mental Health, Philosophy",4.02,1800000,2020,https://images.unsplash.com/photo-1532012164546-f432f2e3edd3?w=500&auto=format&fit=crop&q=60,Between life and death there is a library where every book provides a chance to try another life you could have lived. Nora Seed discovers what makes life truly fulfilling.
84,Where the Crawdads Sing,Delia Owens,"Fiction, Mystery, Historical Fiction, Romance, Coming-of-Age",4.41,3100000,2018,https://images.unsplash.com/photo-1518709268805-4e9042af9f23?w=500&auto=format&fit=crop&q=60,"For years, rumors of the 'Marsh Girl' haunted Barkley Cove. When handsome Chase Andrews is found dead, the locals immediately suspect Kya Clark, the barefoot marsh girl who survived alone."
88,The Song of Achilles,Madeline Miller,"Historical Fiction, Mythology, Fantasy, Romance, LGBTQ+",4.34,1700000,2011,https://images.unsplash.com/photo-1534447677768-be436bb09401?w=500&auto=format&fit=crop&q=60,"A breathtaking retelling of the Trojan War focusing on the profound, tender bond between awkward prince Patroclus and the glorious demigod Achilles."
92,Klara and the Sun,Kazuo Ishiguro,"Science Fiction, Dystopian, Literary Fiction, Artificial Intelligence",3.82,390000,2021,https://images.unsplash.com/photo-1485827404703-89b55fcc595e?w=500&auto=format&fit=crop&q=60,"From Nobel Prize laureate Kazuo Ishiguro, the story of Klara, an Artificial Friend with outstanding observational qualities, who watches the customers from a store window, hoping to be chosen."
